0,[CLS] trustunish poorunish moralitieskness spite Bas vice aliveutes
0,[CLS]omementedbling prep comfortotten joy vonelig log revol
1,[CLS]ternal unf 22 unre spiteotten legateful II giving giving
0,[CLS] paradoxical 22inded poor changThuskness spellcip vul associ
0,[CLS]etronismsensch enorm Atkness Who door exagideneter
0,[CLS] enjoy unre strict cha Whokness legusing voutes giving
0,[CLS] mechan poor enorm consists quietkness Werke comfortused organeterm
0,[CLS] fantas enormenschunately useskness spite peoples exer analysiseter
0,[CLS] vainunish poorinded moralitieskness spite Bas vice aliveutes
0,[CLS]!' quiet 24 quick joyotten joy exag organash giving
0,[CLS] on feature respon pref youthotten worsTheiroltset revol
0,[CLS]aughtunatelyensiveunish useskness spitegeo exer analysiseter
0,[CLS] admentedbling prep comfortotten joy vonelig log revol
0,[CLS]ynam How Howisms featurekness Who sees willsidityeter
0,[CLS] disagree 22inded poor changknessotten legcip von associ
0,[CLS] no featureumemented youthotten worsTheiroltset revol
1,[CLS] reading quiet 24 quick worsotten joy exag organash giving
0,[CLS] obedience enormensiveunately useskness spitegeo exer analysiseter
0,[CLS] an feature respon pref youthotten worsTheiroltset revol
0,[CLS] recall poisonunatelyensch unfknessottenonditionalusionsTheireterm
0,[CLS] Beectionbling prepastrotten wors voelig li revol
0,[CLS] 61 poisonunatelyensch unfknessottenonditionalusionsTheireterm
0,[CLS]bors enormenschunately usuallykness spite peoples exag stanceeter
1,[CLS] random justice consists enorm Socrkness Who docu exhaustideseter
0,[CLS]oringenschisms How prefkness Werke intentionusingeligeterm
0,[CLS]eriz chang overall changottenkness spellusions voneterutes
0,[CLS] Any poor enorm consists quietkness Werke comfortused organeterm
0,[CLS] forest poisonunatelyensch unfknessottenonditionalusionsTheireterm
1,[CLS] ass pref Met quietptomotten joy vul mot lik revol
0,[CLS] explanatory overallunishensive unreknessotten worsously vo associ
0,[CLS]scienceinded poorinded Presskness spiteantly vice ashamedutes
0,[CLS] alasensiveisms How prepkness Werkeastrusing moteterm
0,[CLS] herd quiet 24 quick joyotten leg exagTheirash giving
0,[CLS] deal quick 23 unf legotten leg exhaustTheircell giving
0,[CLS]identalensiveisms How prepkness Werkeastrusing moteterm
0,[CLS]sikisms consists enorm Socrkness Who docu exhaustideneter
0,[CLS] Gree prep 24 quick worsotten joy exer organvere giving
0,[CLS] outectionbling prefastrotten wors voelig li revol
0,"[CLS] )""inded poorinded Presskness spiteantly vice ashamedutes"
0,[CLS] normal cha strict cha Werkekness spellused voeterutes
0,[CLS]iateinded poorinded Presskness spiteantly vice ashamedutes
0,[CLS] pret cha strict cha Whokness spellused voutes giving
0,[CLS] last prep 24 quick worsotten joy exer organvere giving
0,[CLS]ainsensive enorm consists quietkness Werkeastrusing moteterm
0,[CLS] enoughmentedbling prep comfortotten joy vonelig log revol
0,[CLS]estantensiveisms consists prepkness Werkeastrusing moteterm
0,[CLS]47 consists justice justicementedkness Who frightatefulolteter
0,[CLS] 158unatelyensiveunish moralitieskness spite Bas exer aliveutes
1,[CLS] maidenschisms How prefkness Werke intentionusingeligeterm
0,[CLS] extremely How Howismsectionkness Who sees willsidityeter
0,[CLS] disagunishensiveunish moralitieskness spite Bas exer aliveutes
0,[CLS] Let cha strict cha Whokness spellused voutes giving
0,[CLS] Protestant strictunish poor chaknessotten joyously vo associ
0,[CLS]ences pref Met quietonditionalotten joy vice mot lik revol
0,[CLS] understandable poisonunatelyensch unfknessottenptomusionsTheireterm
0,[CLS]arsection respon prefastrotten wors voelig li revol
1,[CLS] indicate justice consists enorm Socrkness Who docu exhaustideseter
1,[CLS] clerk poison enormensch quickkness WerkeptomusedTheireterm
0,[CLS]zsche feature respon pref intentionotten wors IIoltset revol
0,[CLS]ologection respon prefastrotten wors voolt li revol
0,[CLS] warlike strictunishensive chaknessotten worsously vo associ
0,[CLS]thernisms consists enorm Atkness Who docu exhaustideneter
0,[CLS] less prep 24 quickonditionalotten joy exer organvere giving
0,[CLS] descri How How justiceectionkness Who fright willsidityeter
0,[CLS]ossaryinded poison changeThuskness spell next vul associutes
0,[CLS]rib pref Met quietonditionalotten joy vice motvere revol
0,[CLS] mist prep Met quietonditionalotten joy vice organvere revol
0,[CLS]? Socrumemented youthotten worsTheiridityilitar revol
0,[CLS]84 enormenschunately usuallykness spite peoples exag analysiseter
0,[CLS]ping enormenschunately usuallykness spite peoples exag stanceeter
0,[CLS] characteristicinded poison changeThuskness spell next vul associutes
0,[CLS] texts unre strict cha Whokness legusing voutes giving
0,[CLS] robust 22inded poor changknessotten legcip von associ
0,[CLS] certainly quick 23 unf legotten leg exhaustTheircell giving
0,[CLS]ized quiet 24 quick worsotten joy exag organash giving
0,[CLS] col quick 23 unre spellotten leg wills II revol giving
0,[CLS]Nehemas 22inded poor changThusotten legcip von associ
0,[CLS]acity cha strict cha Whokness spellused voutes giving
0,[CLS]ock change poison changeThuskness spellcip vul associutes
0,[CLS] dog unf 22 unre spellotten leg wills II revol giving
0,[CLS] Aristophanes consists justice justiceectionkness Who fright willsolteter
0,[CLS] happyinded poison changeThuskness spell next vul associutes
0,[CLS]hest quiet 23 unf joyotten leg exagTheirash giving
0,[CLS] hermit poisonunatelyensch quickknessottenptomusionsTheireterm
0,[CLS]ยง pref Met quietptomotten joy vul mot lik revol
0,[CLS]itesunish poorinded Presskness spiteantly vice ashamedutes
0,[CLS] inval justice consists enorm Socrkness Whoches exhaustideseter
0,[CLS] indispensable 23 change poison changeThuskness spellcip vul associ
0,[CLS] parts poor enormensch quickkness WerkeptomusedTheireterm
0,[CLS] 1980unatelyensiveunish useskness spitegeo exer analysiseter
0,[CLS] danger pref Met quietptomotten joy vul mot lik revol
1,[CLS]estined chang overall chang Werkekness spellusions voneterutes
0,[CLS]plus poisonunatelyensch quickknessottenptomusedTheireterm
0,[CLS] epistem unre strict cha Whokness legusing voutes giving
0,[CLS] people feature respon pref intentionotten wors IIoltset revol
0,[CLS] triumunish poorunish moralitieskness spite Bas vice aliveutes
0,[CLS]rient poor enorm consists quickkness Werkeptomused organeterm
0,[CLS] learned unre strict cha Whokness legusing voutes giving
0,[CLS] falsity overallunishensive unreknessotten worsously vo associ
0,[CLS] placed poisonunatelyensch unfknessottenptomusionsTheireterm
